"RK",TIERS,"PLAYER NAME",TEAM,"POS","AGE","BEST","WORST","AVG.","STD.DEV","ECR VS. ADP"
"1",1,"Ja'Marr Chase",CIN,"WR1","26","1","3","1.3","0.6","-"
"2",1,"Jaxon Smith-Njigba",SEA,"WR2","24","1","8","3.3","1.7","-"
"3",1,"Bijan Robinson",ATL,"RB1","24","2","5","3.5","1.2","-"
"4",1,"Puka Nacua",LAR,"WR3","25","2","5","3.6","1.2","-"
"5",1,"Jahmyr Gibbs",DET,"RB2","24","2","6","4.5","1.2","-"
"6",2,"Justin Jefferson",MIN,"WR4","27","4","11","7.3","2.1","-"
"7",2,"Amon-Ra St. Brown",DET,"WR5","26","4","10","7.6","1.5","-"
"8",2,"CeeDee Lamb",DAL,"WR6","27","4","19","9.6","3.4","-"
"9",2,"Ashton Jeanty",LV,"RB3","22","7","15","9.9","1.9","-"
"10",2,"Malik Nabers",NYG,"WR7","22","6","19","10.1","3.7","-"
"11",2,"Drake London",ATL,"WR8","25","8","17","12.0","2.5","-"
"12",2,"Jeremiyah Love",ARI,"RB4","21","9","23","12.5","2.9","-"
"13",3,"De'Von Achane",MIA,"RB5","24","9","24","14.7","3.2","-"
"14",3,"Omarion Hampton",LAC,"RB6","23","10","23","15.8","4.3","-"
"15",3,"Brock Bowers",LV,"TE1","23","6","31","17.5","6.5","-"
"16",3,"Tetairoa McMillan",CAR,"WR9","23","14","30","17.8","4.4","-"
"17",3,"James Cook III",BUF,"RB7","26","15","32","19.9","5.3","-"
"18",3,"Nico Collins",HOU,"WR10","27","14","30","20.4","4.4","-"
"19",3,"Jonathan Taylor",IND,"RB8","27","11","37","21.3","6.1","-"
"20",3,"Josh Allen",BUF,"QB1","30","14","39","22.5","5.9","-"
"21",3,"Emeka Egbuka",TB,"WR11","23","14","40","23.2","6.5","-"
"22",3,"George Pickens",DAL,"WR12","25","15","43","23.5","7.0","-"
"23",3,"Trey McBride",ARI,"TE2","26","8","44","24.2","9.7","-"
"24",4,"Chris Olave",NO,"WR13","26","18","37","26.3","4.7","-"
"25",4,"Carnell Tate",TEN,"WR14","21","18","38","26.7","6.0","-"
"26",4,"Drake Maye",NE,"QB2","23","19","42","27.0","7.2","-"
"27",4,"Garrett Wilson",NYJ,"WR15","26","21","35","27.6","4.3","-"
"28",4,"Kenneth Walker III",KC,"RB9","25","16","50","28.9","9.1","-"
"29",4,"Ladd McConkey",LAC,"WR16","24","25","47","31.3","5.8","-"
"30",4,"Breece Hall",NYJ,"RB10","25","21","52","32.8","8.6","-"
"31",4,"A.J. Brown",NE,"WR17","29","20","48","34.4","7.1","-"
"32",4,"Colston Loveland",CHI,"TE3","22","15","47","34.7","11.3","-"
"33",4,"Jayden Daniels",WAS,"QB3","25","25","54","36.1","9.0","-"
"34",4,"DeVonta Smith",PHI,"WR18","27","23","47","36.2","5.8","-"
"35",4,"Jordyn Tyson",NO,"WR19","21","22","58","36.6","8.6","-"
"36",4,"Lamar Jackson",BAL,"QB4","29","25","67","36.7","10.0","-"
"37",4,"Luther Burden III",CHI,"WR20","22","22","59","36.8","10.8","-"
"38",5,"Zay Flowers",BAL,"WR21","25","27","67","37.1","9.3","-"
"39",5,"Chase Brown",CIN,"RB11","26","24","55","42.0","7.8","-"
"40",5,"Makai Lemon",PHI,"WR22","22","24","71","42.0","10.8","-"
"41",5,"Tee Higgins",CIN,"WR23","27","30","62","42.7","9.0","-"
"42",5,"Jaylen Waddle",DEN,"WR24","27","32","59","43.2","8.0","-"
"43",5,"Tyler Warren",IND,"TE4","24","28","56","44.1","6.5","-"
"44",5,"Joe Burrow",CIN,"QB5","29","35","68","45.1","7.0","-"
"45",5,"Rashee Rice",KC,"WR25","26","22","79","45.3","16.1","-"
"46",5,"Rome Odunze",CHI,"WR26","24","30","71","45.7","11.2","-"
"47",5,"Caleb Williams",CHI,"QB6","24","28","96","48.6","14.8","-"
"48",5,"TreVeyon Henderson",NE,"RB12","23","37","77","50.4","11.3","-"
"49",5,"Quinshon Judkins",CLE,"RB13","22","35","80","51.2","12.2","-"
"50",5,"Justin Herbert",LAC,"QB7","28","45","87","51.5","11.4","-"
"51",6,"Marvin Harrison Jr.",ARI,"WR27","23","37","73","52.4","12.7","-"
"52",6,"Tucker Kraft",GB,"TE5","25","43","69","52.5","6.7","-"
"53",6,"Patrick Mahomes II",KC,"QB8","30","42","90","52.7","11.3","-"
"54",6,"Saquon Barkley",PHI,"RB14","29","33","65","53.5","10.8","-"
"55",6,"Jameson Williams",DET,"WR28","25","41","75","53.6","9.0","-"
"56",6,"Christian McCaffrey",SF,"RB15","30","21","68","53.8","12.8","-"
"57",6,"Jalen Hurts",PHI,"QB9","27","42","78","54.3","7.5","-"
"58",6,"Harold Fannin Jr.",CLE,"TE6","22","48","78","56.3","6.8","-"
"59",6,"Brian Thomas Jr.",JAC,"WR29","23","38","74","56.8","10.7","-"
"60",6,"Kyren Williams",LAR,"RB16","25","34","80","58.2","12.2","-"
"61",6,"Trevor Lawrence",JAC,"QB10","26","51","90","60.8","11.1","-"
"62",6,"Sam LaPorta",DET,"TE7","25","51","70","61.5","5.4","-"
"63",6,"Travis Etienne Jr.",NO,"RB17","27","51","69","63.6","5.3","-"
"64",6,"Kyle Pitts Sr.",ATL,"TE8","25","53","80","64.5","7.3","-"
"65",6,"KC Concepcion",CLE,"WR30","21","40","99","67.4","13.3","-"
"66",6,"Cam Skattebo",NYG,"RB18","24","52","81","67.5","6.9","-"
"67",6,"Bucky Irving",TB,"RB19","23","49","87","67.7","10.8","-"
"68",6,"Brock Purdy",SF,"QB11","26","56","108","69.0","13.0","-"
"69",6,"Jaxson Dart",NYG,"QB12","23","54","117","69.5","18.6","-"
"70",6,"Javonte Williams",DAL,"RB20","26","52","86","70.0","10.5","-"
"71",6,"Jadarian Price",SEA,"RB21","22","49","87","70.6","10.2","-"
"72",6,"Christian Watson",GB,"WR31","27","47","88","70.6","10.6","-"
"73",7,"Terry McLaurin",WAS,"WR32","30","70","83","76.4","3.5","-"
"74",7,"Bo Nix",DEN,"QB13","26","61","99","77.0","12.7","-"
"75",7,"DJ Moore",BUF,"WR33","29","62","95","77.3","10.1","-"
"76",7,"Alec Pierce",IND,"WR34","26","57","95","77.3","10.0","-"
"77",7,"Derrick Henry",BAL,"RB22","32","60","90","79.2","8.9","-"
"78",7,"Josh Jacobs",GB,"RB23","28","55","102","79.9","12.5","-"
"79",7,"Kenyon Sadiq",NYJ,"TE9","21","63","119","80.2","17.1","-"
"80",7,"Jordan Addison",MIN,"WR35","24","64","99","82.1","9.6","-"
"81",7,"DK Metcalf",PIT,"WR36","28","67","93","82.2","8.5","-"
"82",7,"Dak Prescott",DAL,"QB14","32","60","111","84.0","12.6","-"
"83",7,"Bhayshul Tuten",JAC,"RB24","23","61","100","84.4","10.4","-"
"84",7,"Omar Cooper Jr.",NYJ,"WR37","22","70","128","87.4","17.3","-"
"85",7,"Michael Wilson",ARI,"WR38","26","68","118","90.2","12.5","-"
"86",7,"D'Andre Swift",CHI,"RB25","27","80","104","90.4","6.1","-"
"87",7,"Eli Stowers",PHI,"TE10","23","62","117","90.6","18.9","-"
"88",7,"Jordan Love",GB,"QB15","27","72","110","92.2","10.9","-"
"89",7,"Ricky Pearsall",SF,"WR39","25","79","112","93.8","10.3","-"
"90",7,"Parker Washington",JAC,"WR40","24","64","133","94.0","17.1","-"
"91",7,"Wan'Dale Robinson",TEN,"WR41","25","73","119","94.2","10.9","-"
"92",7,"Davante Adams",LAR,"WR42","33","70","119","97.4","13.6","-"
"93",7,"Mike Evans",SF,"WR43","32","76","117","97.4","10.4","-"
"94",7,"Dalton Kincaid",BUF,"TE11","26","81","121","97.9","12.8","-"
"95",7,"David Montgomery",HOU,"RB26","29","82","120","98.2","10.5","-"
"96",7,"Jayden Higgins",HOU,"WR44","23","76","148","98.2","16.5","-"
"97",8,"Josh Downs",IND,"WR45","24","78","138","98.5","12.1","-"
"98",8,"Jake Ferguson",DAL,"TE12","27","69","127","99.3","16.5","-"
"99",8,"Michael Pittman Jr.",PIT,"WR46","28","79","129","99.5","11.4","-"
"100",8,"Isaiah Likely",NYG,"TE13","26","69","144","99.7","22.8","-"
"101",8,"Courtland Sutton",DEN,"WR47","30","82","119","99.8","9.6","-"
"102",8,"Oronde Gadsden II",LAC,"TE14","23","66","163","100.9","24.7","-"
"103",8,"George Kittle",SF,"TE15","32","69","130","102.0","18.1","-"
"104",8,"Denzel Boston",CLE,"WR48","22","75","125","102.2","14.6","-"
"105",8,"RJ Harvey",DEN,"RB27","25","74","141","106.0","15.7","-"
"106",8,"Jared Goff",DET,"QB16","31","64","138","107.1","19.1","-"
"107",8,"Xavier Worthy",KC,"WR49","23","73","145","107.1","16.3","-"
"108",8,"Matthew Golden",GB,"WR50","22","85","131","109.3","10.9","-"
"109",8,"Jayden Reed",GB,"WR51","26","86","128","109.5","10.7","-"
"110",8,"Jakobi Meyers",JAC,"WR52","29","85","133","110.0","13.3","-"
"111",8,"Chris Godwin Jr.",TB,"WR53","30","85","138","111.5","12.6","-"
"112",8,"Quentin Johnston",LAC,"WR54","24","95","143","113.2","11.4","-"
"113",8,"Brenton Strange",JAC,"TE16","25","74","155","114.2","20.4","-"
"114",8,"Fernando Mendoza",LV,"QB17","22","84","150","115.2","21.0","-"
"115",8,"Baker Mayfield",TB,"QB18","31","91","141","115.2","15.0","-"
"116",8,"Jaylen Warren",PIT,"RB28","27","89","136","116.5","15.2","-"
"117",8,"Travis Hunter",JAC,"WR55","23","73","170","119.4","26.7","-"
"118",8,"Kyle Monangai",CHI,"RB29","24","88","147","120.2","16.2","-"
"119",8,"Zach Charbonnet",SEA,"RB30","25","102","149","122.5","15.6","-"
"120",8,"Antonio Williams",WAS,"WR56","22","106","152","123.3","12.4","-"
"121",8,"C.J. Stroud",HOU,"QB19","24","96","159","124.0","18.4","-"
"122",8,"Chuba Hubbard",CAR,"RB31","27","96","165","125.0","20.5","-"
"123",8,"Tyler Shough",NO,"QB20","26","109","143","125.6","12.2","-"
"124",8,"Khalil Shakir",BUF,"WR57","26","100","159","126.9","16.4","-"
"125",8,"Romeo Doubs",NE,"WR58","26","99","170","127.2","19.6","-"
"126",8,"Blake Corum",LAR,"RB32","25","98","168","127.4","19.3","-"
"127",8,"Kyler Murray",MIN,"QB21","28","110","147","128.1","10.3","-"
"128",9,"Jalen Coker",CAR,"WR59","24","106","153","130.2","11.6","-"
"129",9,"Rhamondre Stevenson",NE,"RB33","28","95","158","130.5","14.8","-"
"130",9,"Cam Ward",TEN,"QB22","24","96","141","118.4","13.5","-"
"131",9,"Sam Darnold",SEA,"QB23","29","110","147","133.9","10.0","-"
"132",9,"Jonathon Brooks",CAR,"RB34","23","90","191","134.3","28.9","-"
"133",9,"Rico Dowdle",PIT,"RB35","28","108","154","134.6","10.0","-"
"134",9,"Chig Okonkwo",WAS,"TE17","26","113","184","137.2","19.0","-"
"135",9,"Mark Andrews",BAL,"TE18","30","112","156","138.1","16.1","-"
"136",9,"Dallas Goedert",PHI,"TE19","31","114","187","140.5","20.2","-"
"137",9,"Tony Pollard",TEN,"RB36","29","120","164","141.4","13.3","-"
"138",9,"Matthew Stafford",LAR,"QB24","38","111","168","142.5","10.4","-"
"139",9,"Jonah Coleman",DEN,"RB37","22","97","222","142.6","26.4","-"
"140",9,"Bryce Young",CAR,"QB25","24","111","167","144.4","11.6","-"
"141",9,"Daniel Jones",IND,"QB26","29","127","191","147.5","12.9","-"
"142",9,"Jalen McMillan",TB,"WR60","24","121","194","149.5","19.3","-"
"143",9,"Kenny Gainwell",TB,"RB38","27","116","182","150.8","16.7","-"
"144",9,"Malik Willis",MIA,"QB27","27","111","174","136.6","15.6","-"
"145",9,"J.K. Dobbins",DEN,"RB39","27","120","182","151.7","12.9","-"
"146",9,"Tre' Harris",LAC,"WR61","24","115","233","152.1","28.3","-"
"147",9,"AJ Barner",SEA,"TE20","24","116","206","155.1","25.6","-"
"148",9,"Jacory Croskey-Merritt",WAS,"RB40","25","128","190","156.5","17.4","-"
"149",9,"Travis Kelce",KC,"TE21","36","123","186","156.7","17.9","-"
"150",9,"De'Zhaun Stribling",SF,"WR62","23","119","243","156.8","28.4","-"
"151",9,"Chris Bell",MIA,"WR63","22","99","169","129.3","17.6","-"
"152",9,"Germie Bernard",PIT,"WR64","22","118","179","145.5","19.4","-"
"153",9,"Rachaad White",WAS,"RB41","27","133","185","160.1","13.3","-"
"154",9,"Terrance Ferguson",LAR,"TE22","23","117","229","162.1","25.8","-"
"155",9,"Juwan Johnson",NO,"TE23","29","123","194","164.3","18.2","-"
"156",9,"Ted Hurst III",TB,"WR65","22","110","229","164.4","30.3","-"
"157",9,"Tyler Allgeier",ARI,"RB42","26","135","197","166.6","16.7","-"
"158",9,"Tyrone Tracy Jr.",NYG,"RB43","26","140","202","166.8","18.8","-"
"159",9,"Woody Marks",HOU,"RB44","25","123","193","167.4","19.6","-"
"160",9,"T.J. Hockenson",MIN,"TE24","29","123","231","168.4","23.8","-"
"161",9,"Jauan Jennings",MIN,"WR66","29","127","209","156.1","23.2","-"
"162",10,"Ty Simpson",LAR,"QB28","23","147","205","158.2","13.8","-"
"163",10,"Jordan Mason",MIN,"RB45","27","150","195","172.2","13.8","-"
"164",10,"Nicholas Singleton",TEN,"RB46","22","119","275","174.7","35.1","-"
"165",10,"Rashid Shaheed",SEA,"WR67","27","116","173","150.2","16.6","-"
"166",10,"Dylan Sampson",CLE,"RB47","21","145","216","178.5","16.3","-"
"167",10,"Michael Penix Jr.",ATL,"QB29","26","155","222","178.5","21.4","-"
"168",10,"Hunter Henry",NE,"TE25","31","144","262","179.7","26.0","-"
"169",10,"Oscar Delp",NO,"TE26","22","121","315","180.4","40.9","-"
"170",10,"Chris Rodriguez Jr.",JAC,"RB48","26","129","220","180.8","22.3","-"
"171",10,"Jaylin Noel",HOU,"WR68","23","118","200","155.3","22.4","-"
"172",10,"Gunnar Helm",TEN,"TE27","23","152","264","186.2","27.0","-"
"173",10,"Aaron Jones Sr.",MIN,"RB49","31","157","218","188.6","17.1","-"
"174",10,"Tua Tagovailoa",ATL,"QB30","28","154","242","191.2","28.7","-"
"175",10,"Eli Raridon",NE,"TE28","22","117","306","179.8","43.5","-"
"176",10,"Emmett Johnson",KC,"RB50","22","133","306","192.3","42.4","-"
"177",10,"Stefon Diggs",FA,"WR69","32","135","201","167.5","18.7","-"
"178",10,"Elijah Sarratt",BAL,"WR70","23","124","244","168.9","30.7","-"
"179",10,"Troy Franklin",DEN,"WR71","23","134","227","184.6","24.2","-"
"180",10,"Kaytron Allen",WAS,"RB51","23","136","271","196.6","30.5","-"
"181",10,"Max Klare",LAR,"TE29","23","123","264","185.2","38.6","-"
"182",10,"Brandon Aiyuk",SF,"WR72","28","105","281","158.4","47.3","-"
"183",10,"Tyjae Spears",TEN,"RB52","25","162","271","198.5","29.1","-"
"184",10,"Mason Taylor",NYJ,"TE30","22","158","320","202.1","39.5","-"
"185",10,"Adonai Mitchell",NYJ,"WR73","23","141","201","179.8","16.4","-"
"186",10,"J.J. McCarthy",MIN,"QB31","23","150","250","199.9","29.1","-"
"187",10,"Isiah Pacheco",DET,"RB53","27","172","321","211.1","34.0","-"
"188",10,"Malachi Fields",NYG,"WR74","22","138","278","188.8","32.3","-"
"189",10,"David Njoku",LAC,"TE31","30","171","231","201.2","15.7","-"
"190",10,"Tank Bigsby",PHI,"RB54","23","171","284","212.7","29.2","-"
"191",10,"Zachariah Branch",ATL,"WR75","22","143","283","190.1","41.0","-"
"192",10,"Mike Washington Jr.",LV,"RB55","23","166","325","202.7","34.8","-"
"193",10,"Jerry Jeudy",CLE,"WR76","27","143","227","177.3","20.4","-"
"194",10,"Dalton Schultz",HOU,"TE32","30","130","263","191.3","33.0","-"
"195",10,"Kayshon Boutte",NE,"WR77","24","151","227","178.4","17.9","-"
"196",10,"Cade Otton",TB,"TE33","27","170","284","208.3","23.0","-"
"197",10,"Pat Bryant",DEN,"WR78","23","152","235","185.9","21.7","-"
"198",10,"Skyler Bell",BUF,"WR79","24","145","254","187.3","26.8","-"
"199",10,"Braelon Allen",NYJ,"RB56","22","168","324","212.0","40.9","-"
"200",10,"Pat Freiermuth",PIT,"TE34","27","163","264","201.0","21.2","-"
"201",10,"Chris Brazzell II",CAR,"WR80","22","126","212","174.8","21.5","-"
"202",11,"Brian Robinson Jr.",ATL,"RB57","27","182","295","214.7","31.4","-"
"203",11,"Jack Bech",LV,"WR81","23","138","260","203.8","30.9","-"
"204",11,"Chimere Dike",TEN,"WR82","24","159","270","204.2","24.3","-"
"205",11,"Greg Dulcich",MIA,"TE35","26","155","337","216.6","48.2","-"
"206",11,"Tank Dell",HOU,"WR83","26","161","246","206.0","24.4","-"
"207",11,"Isaac TeSlaa",DET,"WR84","24","159","227","193.7","16.8","-"
"208",11,"Elic Ayomanor",TEN,"WR85","23","151","274","200.5","34.3","-"
"209",11,"Deebo Samuel Sr.",FA,"WR86","30","134","260","187.9","31.9","-"
"210",11,"Shedeur Sanders",CLE,"QB32","24","180","249","214.2","18.1","-"
"211",11,"Jalen Nailor",LV,"WR87","27","152","343","206.4","48.0","-"
"212",11,"Kaleb Johnson",PIT,"RB58","22","161","364","229.7","43.7","-"
"213",11,"Keon Coleman",BUF,"WR88","23","174","270","221.1","23.8","-"
"214",11,"Keaton Mitchell",LAC,"RB59","24","160","320","210.3","41.3","-"
"215",11,"Kimani Vidal",LAC,"RB60","24","190","295","226.2","23.3","-"
"216",11,"Ja'Kobi Lane",BAL,"WR89","22","143","330","203.7","47.8","-"
"217",11,"Geno Smith",NYJ,"QB33","35","182","267","218.8","20.4","-"
"218",11,"Dontayvion Wicks",PHI,"WR90","25","180","238","212.3","13.6","-"
"219",11,"Alvin Kamara",NO,"RB61","31","168","310","224.9","43.7","-"
"220",11,"Tory Horton",SEA,"WR91","23","145","394","213.2","54.7","-"
"221",11,"Kyle Williams",NE,"WR92","23","173","276","213.2","24.1","-"
"222",11,"Demond Claiborne",MIN,"RB62","22","181","340","237.4","50.2","-"
"223",11,"Malik Washington",MIA,"WR93","25","152","278","227.6","30.0","-"
"224",11,"Calvin Ridley",TEN,"WR94","31","134","255","217.7","30.4","-"
"225",11,"Tyreek Hill",FA,"WR95","32","161","264","206.9","23.8","-"
"226",11,"Mac Jones",SF,"QB34","27","166","270","221.1","32.2","-"
"227",11,"Elijah Arroyo",SEA,"TE36","23","187","296","221.9","34.5","-"
"228",11,"Aaron Rodgers",PIT,"QB35","42","165","293","233.9","32.8","-"
"229",11,"Emanuel Wilson",SEA,"RB63","27","184","330","244.8","37.8","-"
"230",11,"Ollie Gordon II",MIA,"RB64","22","196","356","245.1","37.9","-"
"231",11,"Justin Joly",DEN,"TE37","22","139","335","227.2","55.1","-"
"232",11,"Tre Tucker",LV,"WR96","25","175","292","229.5","30.0","-"
"233",11,"Deshaun Watson",CLE,"QB36","30","191","283","240.9","26.0","-"
"234",11,"Darnell Mooney",NYG,"WR97","28","192","243","218.6","13.7","-"
"235",11,"Ray Davis",BUF,"RB65","26","198","312","242.6","30.2","-"
"236",11,"Michael Mayer",LV,"TE38","25","199","268","231.7","19.2","-"
"237",11,"Anthony Richardson Sr.",IND,"QB37","24","166","275","223.1","32.3","-"
"238",11,"Theo Johnson",NYG,"TE39","25","194","300","235.5","35.3","-"
"239",11,"Jacoby Brissett",ARI,"QB38","33","176","258","225.3","22.2","-"
"240",11,"Ryan Flournoy",DAL,"WR98","26","174","322","240.9","46.6","-"
"241",11,"Sean Tucker",TB,"RB66","24","203","323","261.0","40.7","-"
"242",11,"Trey Benson",ARI,"RB67","24","178","359","255.3","54.5","-"
"243",11,"James Conner",ARI,"RB68","31","208","387","257.4","46.5","-"
"244",11,"Bryce Lance",NO,"WR99","23","176","279","211.8","33.1","-"
"245",12,"MarShawn Lloyd",GB,"RB69","25","190","339","272.2","40.9","-"
"246",12,"Marvin Mims Jr.",DEN,"WR100","24","194","276","232.9","23.2","-"
"247",12,"Carson Beck",ARI,"QB39","23","219","270","246.5","15.6","-"
"248",12,"Jaylen Wright",MIA,"RB70","23","203","361","257.6","35.8","-"
"249",12,"Seth McGowan",IND,"RB71","24","204","384","289.9","50.6","-"
"250",12,"Devin Neal",NO,"RB72","22","197","320","268.4","37.8","-"
"251",12,"Rashod Bateman",BAL,"WR101","26","211","280","238.5","22.6","-"
"252",12,"Kaelon Black",SF,"RB73","24","189","341","242.9","55.8","-"
"253",12,"Denver Broncos",DEN,"DST1","-","192","270","230.9","16.8","-"
"254",12,"Justin Fields",KC,"QB40","27","222","270","248.0","12.7","-"
"255",12,"Houston Texans",HOU,"DST2","-","193","278","239.5","19.4","-"
"256",12,"Tez Johnson",TB,"WR102","24","212","360","263.9","33.6","-"
"257",12,"Jaydon Blue",DAL,"RB74","22","219","336","275.4","33.6","-"
"258",12,"Philadelphia Eagles",PHI,"DST3","-","194","296","242.8","24.4","-"
"259",12,"Adam Randall",BAL,"RB75","22","196","344","269.8","43.3","-"
"260",12,"Christian Kirk",SF,"WR103","29","209","352","260.0","38.0","-"
"261",12,"Xavier Legette",CAR,"WR104","25","228","283","253.2","16.3","-"
"262",12,"Brenen Thompson",LAC,"WR105","22","195","299","240.3","29.6","-"
"263",12,"Kevin Coleman Jr.",MIA,"WR106","22","194","325","240.6","35.3","-"
"264",12,"Los Angeles Rams",LAR,"DST4","-","202","303","254.8","25.7","-"
"265",12,"Kirk Cousins",LV,"QB41","37","244","281","258.5","10.3","-"
"266",12,"Cedric Tillman",CLE,"WR107","26","237","326","271.0","31.2","-"
"267",12,"Brandon Aubrey",DAL,"K1","31","197","319","248.9","26.5","-"
"268",12,"Hollywood Brown",PHI,"WR108","29","229","399","273.5","52.1","-"
"269",12,"Jalen Royals",KC,"WR109","23","211","350","274.6","32.4","-"
"270",12,"Pittsburgh Steelers",PIT,"DST5","-","203","330","265.8","32.1","-"
"271",12,"Devaughn Vele",NO,"WR110","28","234","379","288.8","47.2","-"
"272",12,"Cam Little",JAC,"K2","22","200","331","257.3","32.9","-"
"273",12,"Seattle Seahawks",SEA,"DST6","-","196","314","258.4","36.8","-"
"274",12,"Najee Harris",LAC,"RB76","28","242","385","291.3","35.4","-"
"275",12,"Sam Roush",CHI,"TE40","22","221","322","272.8","36.1","-"
"276",12,"DeMario Douglas",NE,"WR111","25","236","303","260.8","26.4","-"
"277",12,"Minnesota Vikings",MIN,"DST7","-","217","330","274.1","26.3","-"
"278",12,"Drew Allar",PIT,"QB42","22","241","334","274.6","29.5","-"
"279",12,"Cooper Kupp",SEA,"WR112","33","228","387","276.4","50.0","-"
"280",12,"Isaiah Davis",NYJ,"RB77","24","278","358","297.3","19.8","-"
"281",12,"Darnell Washington",PIT,"TE41","24","206","357","267.6","47.5","-"
"282",12,"Cameron Dicker",LAC,"K3","26","201","334","268.0","35.6","-"
"283",12,"Jalen Milroe",SEA,"QB43","23","246","312","268.1","19.0","-"
"284",12,"Evan Engram",DEN,"TE42","31","205","348","281.1","41.9","-"
"285",12,"Isaiah Bond",CLE,"WR113","22","247","380","292.1","44.2","-"
"286",12,"Colby Parkinson",LAR,"TE43","27","238","356","282.8","36.9","-"
"287",12,"Detroit Lions",DET,"DST8","-","215","347","282.9","38.2","-"
"288",12,"Brashard Smith",KC,"RB78","23","226","379","308.4","38.8","-"
"289",12,"Mike Gesicki",CIN,"TE44","30","230","359","284.1","34.4","-"
"290",12,"Ja'Tavion Sanders",CAR,"TE45","23","207","348","284.4","40.9","-"
"291",12,"Ben Sinnott",WAS,"TE46","24","211","344","284.4","34.2","-"
"292",12,"Jarquez Hunter",LAR,"RB79","23","229","363","302.1","29.8","-"
"293",12,"Eli Heidenreich",PIT,"RB80","23","205","357","273.6","47.2","-"
"294",12,"Will Reichard",MIN,"K4","25","206","345","260.7","35.1","-"
"295",12,"Kansas City Chiefs",KC,"DST9","-","224","343","286.4","34.4","-"
"296",12,"Marcus Mariota",WAS,"QB44","32","254","324","275.6","19.4","-"
"297",12,"DJ Giddens",IND,"RB81","22","246","363","303.8","35.2","-"
"298",12,"Keenan Allen",LAC,"WR114","34","228","389","277.9","54.1","-"
"299",12,"Green Bay Packers",GB,"DST10","-","212","336","282.1","35.6","-"
"300",13,"Jordan James",SF,"RB82","22","203","328","283.7","38.3","-"
"301",13,"Chris Boswell",PIT,"K5","35","209","358","284.0","34.7","-"
"302",13,"Cole Kmet",CHI,"TE47","27","199","319","272.2","37.7","-"
"303",13,"Kendre Miller",NO,"RB83","24","264","364","317.9","34.3","-"
"304",13,"Taylen Green",CLE,"QB45","23","247","338","273.6","24.1","-"
"305",13,"Harrison Butker",KC,"K6","31","213","364","274.2","46.0","-"
"306",13,"Cade Klubnik",NYJ,"QB46","22","250","331","275.2","24.6","-"
"307",13,"Wil Lutz",DEN,"K7","32","214","356","287.4","35.8","-"
"308",13,"Jason Myers",SEA,"K8","35","199","353","287.6","46.1","-"
"309",13,"Will Howard",PIT,"QB47","24","252","340","288.9","25.7","-"
"310",13,"Ka'imi Fairbairn",HOU,"K9","32","207","348","277.9","34.9","-"
"311",13,"Baltimore Ravens",BAL,"DST11","-","220","345","300.2","36.1","-"
"312",13,"Chase McLaughlin",TB,"K10","30","208","347","292.6","35.2","-"
"313",13,"Andrei Iosivas",CIN,"WR115","26","257","337","293.3","22.3","-"
"314",13,"Chris Brooks",GB,"RB84","26","224","390","282.0","52.1","-"
"315",13,"Cole Payton",PHI,"QB48","23","242","326","270.1","24.6","-"
"316",13,"Evan McPherson",CIN,"K11","27","210","340","297.4","35.3","-"
"317",13,"Quinn Ewers",MIA,"QB49","23","239","333","286.6","25.5","-"
"318",13,"Jake Moody",WAS,"K12","26","219","369","287.6","42.2","-"
"319",13,"Caleb Douglas",MIA,"WR116","22","235","315","275.6","30.4","-"
"320",13,"Jake Tonges",SF,"TE48","27","218","352","289.1","48.6","-"
"321",13,"Jameis Winston",NYG,"QB50","32","258","358","291.4","31.4","-"
"322",13,"Isaac Guerendo",SF,"RB85","26","286","396","325.3","30.4","-"
"323",13,"Darius Slayton",NYG,"WR117","29","235","391","293.4","50.5","-"
"324",13,"Tahj Brooks",CIN,"RB86","24","284","365","317.1","22.3","-"
"325",13,"Tyquan Thornton",KC,"WR118","25","240","389","303.0","44.7","-"
"326",13,"Jacksonville Jaguars",JAC,"DST12","-","198","354","292.3","48.1","-"
"327",13,"Trevor Etienne",CAR,"RB87","22","272","368","313.8","30.0","-"
"328",13,"Tyler Loop",BAL,"K13","24","205","335","279.6","33.9","-"
"329",13,"Will Shipley",PHI,"RB88","23","282","397","329.4","34.4","-"
"330",13,"Joshua Karty",FA,"K14","24","223","338","282.0","31.5","-"
"331",13,"Dont'e Thornton Jr.",LV,"WR119","23","252","398","316.2","40.0","-"
"332",13,"Spencer Rattler",NO,"QB51","25","239","342","284.4","27.1","-"
"333",13,"Jake Bates",DET,"K15","27","221","352","300.2","36.2","-"
"334",13,"Tanner Koziol",JAC,"TE49","22","263","366","314.0","32.9","-"
"335",13,"Jerome Ford",WAS,"RB89","26","245","402","330.8","48.9","-"
"336",13,"Luke McCaffrey",WAS,"WR120","25","259","375","316.8","39.3","-"
"337",13,"LeQuint Allen Jr.",JAC,"RB90","21","276","367","326.6","29.5","-"
"338",13,"Garrett Nussmeier",KC,"QB52","24","256","338","297.1","22.3","-"
"339",13,"Konata Mumpfield",LAR,"WR121","23","223","387","286.6","56.4","-"
"340",13,"Savion Williams",GB,"WR122","24","274","349","313.3","24.8","-"
"341",13,"Joshua Palmer",BUF,"WR123","26","243","392","324.0","48.6","-"
"342",13,"Joe Flacco",CIN,"QB53","41","277","393","316.0","33.5","-"
"343",13,"Jalen Tolbert",MIA,"WR124","27","231","344","291.0","34.6","-"
"344",13,"Jaylin Lane",WAS,"WR125","24","265","370","317.4","32.3","-"
"345",13,"New England Patriots",NE,"DST13","-","282","339","306.4","17.6","-"
"346",13,"Los Angeles Chargers",LAC,"DST14","-","273","349","309.8","22.4","-"
"347",13,"Marlin Klein",HOU,"TE50","23","257","367","313.3","34.8","-"
"348",13,"Deion Burks",IND,"WR126","23","254","350","300.0","34.6","-"
"349",13,"Buffalo Bills",BUF,"DST15","-","274","343","300.7","25.0","-"
"350",14,"Cleveland Browns",CLE,"DST16","-","288","355","320.5","19.0","-"
"351",14,"Joe Milton III",DAL,"QB54","26","265","394","308.9","40.8","-"
"352",14,"Calvin Austin III",NYG,"WR127","27","248","378","310.6","38.9","-"
"353",14,"Tyson Bagent",CHI,"QB55","26","261","383","312.4","46.0","-"
"354",14,"Jack Endries",CIN,"TE51","22","251","380","325.0","43.9","-"
"355",14,"Jordan Whittington",LAR,"WR128","25","265","405","348.0","41.8","-"
"356",14,"Daniel Carlson",LV,"K16","31","218","368","280.4","55.8","-"
"357",14,"Devin Singletary",NYG,"RB91","28","226","368","317.6","43.1","-"
"358",14,"Riley Leonard",IND,"QB56","23","316","362","329.4","14.7","-"
"359",14,"Jason Sanders",NYJ,"K17","30","222","342","284.0","51.1","-"
"360",14,"Chicago Bears",CHI,"DST17","-","204","361","285.2","51.5","-"
"361",14,"Dawson Knox",BUF,"TE52","29","246","383","331.8","40.4","-"
"362",14,"Blake Grupe",IND,"K18","27","271","308","287.4","12.3","-"
"363",14,"Dallas Cowboys",DAL,"DST18","-","221","366","287.8","57.3","-"
"364",14,"Davis Mills",HOU,"QB57","27","247","386","323.4","49.5","-"
"365",14,"Tutu Atwell",MIA,"WR129","26","256","395","334.4","53.1","-"
"366",14,"Jahan Dotson",ATL,"WR130","26","261","363","324.4","36.3","-"
"367",14,"Andy Borregales",NE,"K19","23","218","353","295.2","45.2","-"
"368",14,"Michael Trigg",DAL,"TE53","24","250","390","327.9","42.8","-"
"369",14,"New Orleans Saints",NO,"DST19","-","216","360","315.0","51.0","-"
"370",14,"Roman Hemby",LV,"RB92","23","289","363","315.2","26.6","-"
"371",14,"San Francisco 49ers",SF,"DST20","-","211","350","298.8","50.5","-"
"372",14,"CJ Daniels",LAR,"WR131","24","243","394","317.7","57.5","-"
"373",14,"Matt Hibner",BAL,"TE54","24","268","360","320.0","28.3","-"
"374",14,"New York Giants",NYG,"DST21","-","223","367","279.0","59.1","-"
"375",14,"Joe Mixon",FA,"RB93","30","287","359","323.8","25.8","-"
"376",14,"Malik Benson",LV,"WR132","23","257","372","307.4","40.7","-"
"377",14,"KeAndre Lambert-Smith",LAC,"WR133","24","283","396","344.8","36.5","-"
"378",14,"J'Mari Taylor",JAC,"RB94","24","273","401","336.6","45.2","-"
"379",14,"Robert Henry Jr.",WAS,"RB95","24","213","374","309.4","61.3","-"
"380",14,"Jake Elliott",PHI,"K20","31","288","370","327.2","27.9","-"
"381",14,"Jonnu Smith",FA,"TE55","30","255","338","312.4","30.5","-"
"382",14,"Justice Hill",BAL,"RB96","28","311","386","339.6","26.2","-"
"383",14,"Washington Commanders",WAS,"DST22","-","290","345","313.4","17.9","-"
"384",14,"Ja'Lynn Polk",NO,"WR134","24","214","377","315.8","66.4","-"
"385",14,"Elijah Moore",PHI,"WR135","26","274","377","317.4","42.5","-"
"386",14,"Cyrus Allen",KC,"WR136","23","295","371","333.0","24.0","-"
"387",14,"Noah Gray",KC,"TE56","27","294","385","353.3","25.0","-"
"388",14,"Aaron Anderson",CLE,"WR137","23","250","424","304.5","71.1","-"
"389",14,"Samaje Perine",CIN,"RB97","30","281","379","322.6","34.4","-"
"390",14,"Charlie Kolar",LAC,"TE57","27","231","380","304.3","69.0","-"
"391",14,"John Metchie III",CAR,"WR138","26","291","386","348.4","29.0","-"
"392",14,"Tanner McKee",PHI,"QB58","26","242","381","325.4","49.5","-"
"393",14,"Tyler Bass",BUF,"K21","29","283","365","325.4","28.6","-"
"394",14,"Emari Demercado",KC,"RB98","27","323","391","356.3","23.5","-"
"395",14,"Jam Miller",NE,"RB99","22","285","359","330.2","30.4","-"
"396",14,"Tyler Higbee",LAR,"TE58","33","304","389","359.4","28.8","-"
"397",14,"Kareem Hunt",FA,"RB100","30","256","381","333.0","48.1","-"
"398",14,"Luke Musgrave",GB,"TE59","25","341","375","354.6","11.8","-"
"399",14,"Trey Lance",LAC,"QB59","26","289","378","347.2","29.8","-"
"400",14,"KaVontae Turpin",DAL,"WR139","29","240","393","335.8","59.9","-"
"401",14,"Audric Estime",NO,"RB101","22","303","372","336.4","25.4","-"
"402",14,"Malik Davis",DAL,"RB102","27","296","371","337.0","30.1","-"
"403",14,"Dillon Gabriel",CLE,"QB60","25","307","384","338.2","25.4","-"
"404",14,"Mack Hollins",NE,"WR140","32","271","376","339.8","39.1","-"
"405",14,"Josh Cameron",JAC,"WR141","23","318","364","340.4","15.8","-"
"406",14,"Brandon McManus",FA,"K22","35","288","302","297.3","6.6","-"
"407",14,"Eric Rivers Jr.",TB,"WR142","23","251","375","326.5","47.1","-"
"408",14,"Noah Fant",NO,"TE60","28","311","382","343.2","24.1","-"
"409",14,"George Holani",SEA,"RB103","26","296","364","343.4","26.4","-"
"410",14,"Zavion Thomas",CHI,"WR143","22","314","373","344.8","19.4","-"
"411",14,"Zach Ertz",FA,"TE61","35","257","381","329.8","46.0","-"
"412",14,"Harrison Mevis",LAR,"K23","24","273","326","306.3","23.7","-"
"413",14,"Erick All Jr.",CIN,"TE62","25","335","392","357.2","20.8","-"
"414",14,"Tai Felton",MIN,"WR144","23","275","389","347.8","43.3","-"
"415",14,"Mitchell Evans",CAR,"TE63","23","319","391","358.5","24.8","-"
"416",14,"Will Levis",TEN,"QB61","27","316","385","350.4","23.7","-"
"417",14,"Darren Waller",FA,"TE64","33","254","382","316.3","52.3","-"
"418",14,"Jalin Hyatt",NYG,"WR145","24","272","402","317.0","60.1","-"
"419",14,"Devontez Walker",BAL,"WR146","25","315","397","354.2","33.6","-"
"420",14,"Gardner Minshew II",ARI,"QB62","30","253","385","342.8","52.4","-"
"421",15,"Eddy Pineiro",SF,"K24","30","308","335","323.7","11.4","-"
"422",15,"Ty Johnson",BUF,"RB104","28","320","395","357.0","24.6","-"
"423",15,"Mason Rudolph",PIT,"QB63","31","269","369","325.7","41.9","-"
"424",15,"Terion Stewart",KC,"RB105","24","214","400","328.7","81.9","-"
"425",15,"Barion Brown",NO,"WR147","22","313","397","362.0","28.8","-"
"426",15,"Sam Howell",DAL,"QB64","25","274","321","297.5","23.5","-"
"427",15,"Aidan O'Connell",LV,"QB65","27","269","368","334.7","46.4","-"
"428",15,"Nate Boerkircher",JAC,"TE65","24","348","378","363.6","11.9","-"
"429",15,"Joe Royer",CLE,"TE66","24","351","387","364.2","14.1","-"
"430",15,"Eric McAlister",FA,"WR148","-","240","365","302.5","62.5","-"
"431",15,"Dyami Brown",WAS,"WR149","26","316","392","366.4","26.6","-"
"432",15,"Efton Chism III",NE,"WR150","24","270","417","343.3","60.0","-"
"433",15,"Jeff Caldwell",KC,"WR151","23","343","399","368.0","21.9","-"
"434",15,"Nick Chubb",FA,"RB106","30","253","392","342.3","63.3","-"
"435",15,"Jaleel McLaughlin",DEN,"RB107","25","320","388","368.6","25.1","-"
"436",15,"Cairo Santos",CHI,"K25","34","309","329","319.0","10.0","-"
"437",15,"Jimmy Garoppolo",LAR,"QB66","34","330","366","349.3","14.8","-"
"438",15,"Kendrick Bourne",ARI,"WR152","30","317","369","351.0","24.1","-"
"439",15,"Kendrick Law",DET,"WR153","23","304","414","353.3","45.6","-"
"440",15,"Jawhar Jordan",HOU,"RB108","26","302","346","324.0","22.0","-"
"441",15,"RJ Maryland",GB,"TE67","22","243","446","344.5","101.5","-"
"442",15,"Carson Wentz",MIN,"QB67","33","291","360","325.5","34.5","-"
"443",15,"Elijah Higgins",ARI,"TE68","25","286","400","366.5","46.7","-"
"444",15,"Tyler Huntley",BAL,"QB68","28","340","372","353.3","13.6","-"
"445",15,"Will Kacmarek",MIA,"TE69","23","290","404","367.3","45.4","-"
"446",15,"Daniel Bellinger",TEN,"TE70","25","289","391","354.7","46.5","-"
"447",15,"Xavier Restrepo",TEN,"WR154","24","277","381","329.0","52.0","-"
"448",15,"Jordan Watkins",SF,"WR155","24","294","444","367.3","61.3","-"
"449",15,"Tyren Montgomery",TEN,"WR156","-","349","404","375.8","20.7","-"
"450",15,"Cade Stover",HOU,"TE71","26","312","459","382.8","52.2","-"
"451",15,"Jaren Kanak",TEN,"TE72","22","322","408","358.7","36.2","-"
"452",15,"Raheim Sanders",CLE,"RB109","24","267","425","346.0","79.0","-"
"453",15,"Curtis Samuel",FA,"WR157","29","267","426","346.5","79.5","-"
"454",15,"Trey Palmer",NO,"WR158","25","268","427","347.5","79.5","-"
"455",15,"Austin Hooper",ATL,"TE73","31","356","405","374.0","19.5","-"
"456",15,"DeAndre Hopkins",BAL,"WR159","34","370","381","375.0","4.6","-"
"457",15,"Dameon Pierce",PHI,"RB110","26","296","394","345.0","49.0","-"
"458",15,"Adam Trautman",DEN,"TE74","29","321","411","368.3","36.9","-"
"459",15,"Roschon Johnson",CHI,"RB111","25","316","383","349.5","33.5","-"
"460",15,"Jimmy Horn Jr.",CAR,"WR160","23","335","428","376.3","38.7","-"
"461",15,"Mitchell Trubisky",TEN,"QB69","31","309","394","351.5","42.5","-"
"462",15,"Olamide Zaccheaus",ATL,"WR161","29","354","421","383.3","24.1","-"
"463",15,"Treylon Burks",WAS,"WR162","26","344","406","385.4","21.9","-"
"464",15,"Colbie Young",CIN,"WR163","24","343","440","384.0","41.0","-"
"465",15,"Josh Oliver",MIN,"TE75","29","354","406","373.7","23.0","-"
"466",15,"Riley Nowakowski",PIT,"TE76","24","344","415","376.3","29.3","-"
"467",15,"Kenny Pickett",CAR,"QB70","28","358","387","374.0","12.0","-"
"468",15,"Tyler Conklin",DET,"TE77","30","308","442","375.0","67.0","-"
"469",15,"Phil Mafah",DAL,"RB112","23","353","436","384.0","37.0","-"
"470",15,"Jacob Cowing",SF,"WR164","25","309","487","398.0","89.0","-"
"471",15,"Taysom Hill",FA,"TE78","35","311","443","377.0","66.0","-"
"472",15,"Jeremy McNichols",WAS,"RB113","30","314","438","376.0","62.0","-"
"473",15,"Isaiah Hodgins",NYG,"WR165","27","314","445","379.5","65.5","-"
"474",15,"Jake Browning",TB,"QB71","30","348","375","361.5","13.5","-"
"475",15,"Tommy Tremble",CAR,"TE79","26","335","469","397.3","55.1","-"
"476",15,"Andy Dalton",PHI,"QB72","38","331","393","362.0","31.0","-"
"477",15,"Seydou Traore",MIA,"TE80","23","317","439","378.0","61.0","-"
"478",15,"Dallen Bentley",DEN,"TE81","25","355","398","384.5","17.5","-"
"479",15,"Foster Moreau",HOU,"TE82","29","318","448","383.0","65.0","-"
"480",15,"Carsen Ryan",CLE,"TE83","22","352","447","391.3","40.5","-"
"481",15,"John Michael Gyllenborg",KC,"TE84","23","321","418","369.5","48.5","-"
"482",15,"Nick Westbrook-Ikhine",IND,"WR166","29","361","388","378.3","12.3","-"
"483",15,"Dae'Quan Wright",PHI,"TE85","22","371","384","378.3","5.4","-"
"484",15,"Rasheen Ali",BAL,"RB114","25","321","457","389.0","68.0","-"
"485",15,"Demarcus Robinson",SF,"WR167","31","360","458","396.7","43.6","-"
"486",15,"Josh Cuevas",BAL,"TE86","22","360","432","390.0","30.6","-"
"487",15,"Xavier Hutchinson",HOU,"WR168","26","376","393","383.3","7.1","-"
"488",15,"Zach Wilson",NO,"QB73","26","350","395","372.5","22.5","-"
"489",15,"Luke Schoonmaker",DAL,"TE87","27","339","409","374.0","35.0","-"
"490",15,"Van Jefferson",WAS,"WR169","29","340","454","397.0","57.0","-"
"491",15,"Bam Knight",ARI,"RB115","25","371","398","385.0","11.1","-"
"492",15,"Brevin Jordan",HOU,"TE88","26","341","456","398.5","57.5","-"
"493",15,"Antonio Gibson",FA,"RB116","28","351","399","375.0","24.0","-"
"494",15,"Gabe Davis",FA,"WR170","27","355","396","375.5","20.5","-"
"495",15,"Reggie Virgil",ARI,"WR171","22","369","407","386.0","15.8","-"
"496",15,"Kaden Wetjen",PIT,"WR172","24","370","451","401.7","35.4","-"
"497",16,"Ty Chandler",NO,"RB117","28","353","413","383.0","30.0","-"
"498",16,"Jahdae Walker",CHI,"WR173","24","356","464","410.0","54.0","-"
"499",16,"Austin Ekeler",FA,"RB118","31","362","403","382.5","20.5","-"
"500",16,"Chase Roberts",LV,"WR174","25","358","410","384.0","26.0","-"
"501",16,"Jared Wiley",KC,"TE89","25","365","450","407.5","42.5","-"
"502",16,"Bo Melton",GB,"WR175","27","365","461","413.0","48.0","-"
"503",16,"Dean Connors",LAR,"RB119","22","367","419","393.0","26.0","-"
"504",16,"Jeremy Ruckert",NYJ,"TE90","25","374","441","407.5","33.5","-"
"505",16,"Jaydn Ott",KC,"RB120","23","377","430","403.5","26.5","-"
"506",16,"Kalif Raymond",CHI,"WR176","31","378","488","433.0","55.0","-"
"507",16,"Roman Wilson",PIT,"WR177","25","379","468","423.5","44.5","-"
"508",16,"Thomas Fidone II",NYG,"TE91","23","393","455","417.0","27.2","-"
"509",16,"Miles Sanders",FA,"RB121","29","391","420","405.5","14.5","-"
"510",16,"Grant Calcaterra",PHI,"TE92","27","392","463","427.5","35.5","-"
"511",16,"Tyrell Shavers",BUF,"WR178","26","393","494","443.5","50.5","-"
"512",16,"Theo Wease Jr.",MIA,"WR179","25","396","495","445.5","49.5","-"